time (min),RacPAK (%fret 100),	Cofactin 
0,0,300
1.5,0,300
2.5,0.039696659,420
3.5,0.051195147,510
4.5,0.043475596,450
5.5,0.04150482,420
6.5,0.039943085,420
11.5,0.03566004,420
21.5,0.032908431,375
31.5,0.027304151,375
